wtf,2.314662,2.314662,-0.4605972,11.01488,1.442981,1.126111,10.3585,0.5922989,2.655008,9.626076,0.2613402,3.588116,9.676062,0.03544961,1.756375,9.608093,-0.3823536,0.7599713,10.99313,0.4059242,0.6192486,8.973356,0.5198794,0.6013373,9.000661,1.39369,1.407663,8.629495,1.445639,0.2473098,6.748069,2.415157,0.2648786,5.44614,2.823949,0.2864152,5.378383,1.869842,-0.4362195,10.92748,0.6100192,1.125967,8.995753,2.148584,-1.365517,10.08904,2.129775,-1.76029,9.158067,2.670249,-0.4659624,10.67619,4.440599,-0.2818722,11.03487,4.587065,-2.464422,10.18913,5.143773,-2.477218,9.861274,0.8020114,2.282405,9.822495,0.5105885,0.5650377,8.752961,0.3364231,0.5223469,8.749212,2.815835,0.7987379,5.109355,2.741958,-0.1303658,5.109286
wtf,2.233228,2.233228,-0.589817,11.02988,1.464171,1.037311,10.3794,0.6942998,2.600523,9.625471,0.4087105,3.572319,9.787916,0.1104785,1.7199,9.676769,-0.2633813,0.9148378,11.42335,0.4505615,0.7119763,9.370149,0.6751114,0.6440517,9.300874,1.42037,1.364121,8.667218,1.477138,0.2366924,6.895974,2.324345,0.1599633,5.502554,2.818291,0.2027076,5.342265,1.770408,-0.5782834,10.98363,0.643707,1.071931,9.043085,2.138361,-1.482096,10.05751,2.838336,-1.876016,9.59745,2.619081,-0.5869857,10.64736,4.548709,-0.3899287,10.88167,4.764852,-2.556274,10.01072,4.298237,-3.007739,9.363342,0.8849892,2.219286,9.828696,0.6942801,0.591156,9.034525,0.6297649,0.5640262,8.995,2.742144,-0.01955756,5.088544,2.671305,0.6341021,5.122265
wtf,2.236337,2.236337,-0.6010895,11.02475,1.475905,1.02978,10.3435,0.7208916,2.596232,9.565437,0.5059068,3.583107,9.687239,0.1447302,1.712511,9.597569,0.05201416,0.7403662,10.81505,0.7435787,0.591211,8.749327,1.015762,0.8367267,8.521718,1.470042,1.34157,8.630237,1.344605,0.1135727,6.782647,2.311927,0.1412042,5.468738,2.807802,0.2108231,5.346461,1.755516,-0.5877345,10.96392,0.6374791,1.064132,9.019403,2.270761,-1.285342,10.25677,3.063192,-1.562776,9.993569,2.635839,-0.5972254,10.65621,4.563785,-0.4354743,10.85771,4.81038,-2.58948,9.964389,4.35381,-3.040689,9.309275,0.907694,2.214275,9.774924,1.069054,0.8646808,8.080802,0.9972859,0.7510533,8.144,2.72527,0.2711931,5.08638,2.655277,0.6426836,5.097778
wtf,2.211035,2.211035,-0.6078414,11.02476,1.476711,1.028595,10.33352,0.7454118,2.596704,9.546528,0.6188375,3.602429,9.669078,0.1721678,1.715973,9.578297,0.06984635,0.6955377,10.75897,0.7566284,0.5682712,8.687433,1.007722,0.8569958,8.520046,1.489934,1.335652,8.602956,1.460367,0.1473117,6.72261,2.394395,0.1510202,5.381804,2.800056,0.1849819,5.37173,1.707857,-0.5864824,10.95212,0.6148171,1.090199,9.015378,2.2377,-1.263147,10.25967,3.02874,-1.545315,9.98989,2.623813,-0.6059688,10.66463,4.559339,-0.4571511,10.85721,4.813557,-2.607227,9.956575,4.352882,-3.055898,9.302417,0.9259815,2.214889,9.758295,1.063025,0.8733484,8.018784,1.043145,0.8550856,7.95,2.782463,-0.1322933,5.120216,2.643442,0.5977631,5.110397
wtf,2.22258,2.22258,-0.619527,11.02589,1.470156,1.018637,10.32437,0.7292414,2.592486,9.528301,0.4921499,3.561891,9.597528,0.1654941,1.710062,9.578939,-0.3209534,0.8615342,11.36906,0.4431411,0.6698478,9.328121,0.8060049,0.7765868,9.128267,1.489424,1.336071,8.602937,1.49138,0.1607039,6.761005,2.379435,0.1576146,5.38716,2.789402,0.1693161,5.37624,1.720786,-0.6006933,10.95808,0.6257406,1.052083,9.000662,2.258664,-1.278817,10.26967,3.050052,-1.558513,9.99866,2.637081,-0.6148276,10.66359,4.55106,-0.439463,10.8886,4.775947,-2.601348,10.00921,4.316391,-3.053497,9.357865,0.9133886,2.209241,9.742911,1.01501,0.7954722,8.339551,0.665055,0.5383779,8.97625,2.821006,-0.2102222,5.114476,2.622997,0.6176369,5.088739
wtf,2.161,2.161,-0.6285418,11.02057,1.423197,1.010568,10.30506,0.7145738,2.598078,9.523081,0.4416082,3.559486,9.603682,0.1496822,1.708065,9.587131,-0.1206239,0.8479378,11.02893,0.608898,0.6509688,8.974284,0.9829258,0.8909244,8.70481,1.482905,1.34406,8.606109,1.509537,0.1938344,6.798014,2.366101,0.1716687,5.40309,2.78058,0.1680934,5.37794,1.684548,-0.5905331,10.99301,0.6064034,1.064005,9.027858,2.134906,-1.436216,10.11387,2.192654,-1.67135,9.060224,2.599907,-0.6324426,10.65097,4.549911,-0.3684855,10.93657,4.736389,-2.539886,10.07106,4.275572,-2.987978,9.415022,0.8970103,2.21233,9.736542,1.041528,0.9180628,8.40125,0.9790893,0.8274874,8.323334,2.821931,-0.2252979,5.124188,2.622476,0.6277415,5.079565
wtf,2.213277,2.213277,-0.6365144,11.03035,1.432719,0.9998596,10.30719,0.687331,2.57742,9.511181,0.3545536,3.509277,9.565926,0.1354201,1.69114,9.593449,-0.2731397,0.8566997,11.36531,0.457754,0.6737679,9.308732,0.8368436,0.8045885,9.161873,1.480286,1.344942,8.611387,1.511716,0.1922431,6.801002,2.365683,0.1816785,5.403278,2.774059,0.1811611,5.372843,1.718208,-0.6151513,10.97874,0.6199222,1.028109,9.014784,2.169278,-1.452726,10.11252,2.833702,-1.863739,9.588148,2.635287,-0.6316935,10.66061,4.548227,-0.3366172,10.95081,4.744919,-2.513909,10.10371,5.286846,-2.304277,9.806405,0.8771327,2.194069,9.726895,1.025509,0.8357322,8.451487,0.7431773,0.5992596,8.973764,2.748844,0.3344847,5.076175,2.639013,0.6631612,5.068601
wtf,2.197589,2.197589,-0.6519247,11.04365,1.432859,0.9889561,10.31591,0.687782,2.565964,9.514107,0.3519267,3.50044,9.584109,0.1049954,1.754166,9.589584,-0.08640993,0.8281581,11.12246,0.6778451,0.6048768,9.079558,1.017965,0.8319337,8.835102,1.481524,1.342769,8.613744,1.514589,0.1874262,6.805555,2.366619,0.1885174,5.404631,2.756599,0.2274405,5.378924,1.688569,-0.6298262,10.98968,0.5912737,1.031818,9.041695,2.254389,-1.294941,10.2812,2.769834,-1.80236,9.630095,2.623582,-0.6493248,10.67289,4.549557,-0.327356,10.95574,4.7575,-2.506534,10.11703,4.302111,-2.965225,9.467981,0.876053,2.183075,9.730337,1.107867,0.9093375,8.467281,0.9426442,0.738126,8.623361,2.716662,0.7117776,5.110054,2.730831,0.5050073,5.51
wtf,2.164475,2.164475,-0.6618874,11.03735,1.432275,0.9832178,10.32158,0.7004192,2.561361,9.523829,0.4302722,3.531964,9.646391,0.1198121,1.880404,9.624962,-0.07120077,0.8274223,11.16368,0.6748775,0.6112839,9.109385,1.004952,0.8706621,8.864854,1.484976,1.338426,8.614539,1.411381,0.1000238,6.755288,2.360807,0.1940504,5.419311,2.756147,0.257018,5.386539,1.685212,-0.6201554,10.99236,0.5898486,1.064806,9.064759,2.120686,-1.479225,10.05335,2.851079,-1.861879,9.680433,2.552159,-0.6800184,10.65111,4.564495,-0.3420608,10.94584,4.823706,-2.509537,10.09185,4.345097,-2.96826,9.461251,0.8821484,2.178507,9.737852,1.071036,0.89495,8.544558,0.9686333,0.7975333,8.602135,2.716133,0.696896,5.111169,2.688826,-0.1869498,5.110126
wtf,2.149871,2.149871,-0.5946159,11.22155,1.548762,1.010308,10.47308,0.9614758,2.568284,9.689099,0.6551996,3.50455,9.737562,0.2734481,1.821057,9.71076,-0.1085353,1.042106,11.52157,0.6027885,0.7738925,9.461248,0.9078034,0.9651816,9.269992,1.566835,1.333887,8.595199,1.370279,0.1216235,6.727993,2.436892,0.2285841,5.487209,2.753547,0.2435878,5.398403,1.652891,-0.5036141,11.21372,0.6012191,1.214009,9.294401,2.110144,-1.373586,10.21152,2.70824,-1.823096,9.605965,2.562683,-0.6574186,10.80154,4.624363,-0.4057894,10.93836,4.817,-2.577442,10.07623,4.307848,-3.0158,9.452409,1.105456,2.188646,9.895497,1.022361,1.005939,8.828903,0.7905945,0.7574847,9.013333,2.724028,0.7043458,5.141105,2.670194,-0.1485936,5.087425
wtf,2.191023,2.191023,-0.5669276,11.24648,1.609585,1.024527,10.49643,1.041057,2.562057,9.687514,0.8082191,3.502126,9.659802,0.2489803,1.852493,9.665139,-0.05453084,0.9807528,11.35491,0.6948584,0.7419503,9.304504,1.078713,0.9173279,9.104222,1.571072,1.340233,8.598196,1.35183,0.1327274,6.730609,2.406665,0.2228162,5.478043,2.756026,0.1913031,5.39106,1.691762,-0.4796535,11.2138,1.332909,0.1317463,8.502473,2.297727,-1.613236,10.81915,2.796698,-1.863545,9.960774,2.611734,-0.6285769,10.8594,4.725484,-0.519067,11.24234,4.975174,-2.66826,10.33635,4.479499,-3.106346,9.69886,1.180859,2.188026,9.902057,1.152628,0.9643888,8.686893,1.116873,0.8782956,8.6,2.740512,0.2093153,5.119128,2.833144,-0.08212867,5.589167
wtf,1.962712,1.962712,-0.7334905,11.18385,1.570396,0.8968918,10.44906,1.146561,2.423562,9.606024,0.927317,3.245811,9.379558,0.4534528,2.097257,9.498597,-0.1281162,0.8018587,11.02584,0.7373928,0.6040213,9.018795,1.203372,0.690172,8.850124,1.885213,1.219473,8.710807,1.436733,0.08684011,6.839949,2.417877,0.17554,5.529413,2.757336,0.1806918,5.382548,1.291831,-0.6242594,11.02831,1.365109,0.09145665,8.320493,2.093182,-1.678811,10.70875,2.898492,-1.891861,10.65844,2.522029,-0.8125329,10.88972,4.725162,-0.5036376,11.88933,5.223127,-2.680623,11.28023,5.785369,-2.756416,11.07398,1.257196,2.060562,9.838098,1.320124,0.756598,8.05842,1.048001,0.5822643,8.905,2.67945,0.6932578,5.091784,2.688268,-0.2183271,5.0845
wtf,1.958207,1.958207,-0.7270852,11.21546,1.549002,0.8458439,10.37186,1.127446,2.349125,9.413031,0.9220493,3.114328,9.071806,0.4387191,2.041407,9.460577,-0.1916217,0.7407698,10.90857,0.7785113,0.6033836,8.947475,1.370101,0.5716857,8.48447,1.927867,1.198721,8.710932,1.542661,-0.003839743,6.872286,2.529409,0.2161228,5.585083,2.756529,0.2021448,5.391511,1.304024,-0.6355937,11.03053,1.637267,0.07797926,8.342802,2.139634,-1.776154,10.73165,2.922743,-1.99483,10.76879,2.528461,-0.7864011,10.96639,4.669357,-0.4706339,12.06692,4.93989,-2.710896,11.43588,4.65026,-2.633401,11.873,1.233596,1.985513,9.67087,1.425108,0.5834246,7.940795,1.24709,0.4846641,8.143333,2.685883,0.700698,5.11771,2.691921,-0.1982693,5.105661
wtf,1.931197,1.931197,-0.765708,10.96135,1.561181,0.7872155,10.12384,1.119117,2.232394,9.119217,0.930109,3.09986,8.925142,0.495221,2.169494,9.062234,-0.1589663,0.8580799,10.55206,0.7516003,0.6460867,8.568845,1.434144,0.5847382,7.860002,1.992923,1.166806,8.669498,1.541049,0.01830999,6.811919,2.394047,0.07084523,5.413084,2.758327,0.1122744,5.367375,1.319894,-0.6580247,10.77931,1.699939,0.08644508,8.106389,2.151215,-1.77669,10.50069,1.803653,-2.455697,10.22552,2.463611,-0.8447879,10.70884,4.473536,-0.4646139,11.98431,3.847729,-2.670078,11.46652,3.40533,-3.107328,10.78747,1.24072,1.887908,9.400349,1.415417,0.5692879,7.518096,1.352134,0.5270216,7.45,2.721515,0.3419941,5.083465,2.697705,-0.2505274,5.113718
stand,2.139079,2.139079,0.3514836,18.78529,2.171893,3.313759,18.71194,2.183681,6.148019,18.52117,2.227972,7.639804,18.56071,0.3412182,5.063357,18.74993,-0.2487753,2.56662,18.73653,-0.3315853,0.7253411,18.23526,-0.3469293,0.1569795,18.0986,3.908444,4.821949,18.24151,4.392901,2.454695,18.1342,4.414153,0.6219426,17.48177,4.297907,-0.01805755,17.2587,1.368891,0.348797,18.52623,1.161746,-3.742867,18.70816,0.9490747,-6.680852,19.00459,0.7551072,-7.237651,18.29703,2.828361,0.3408122,18.33233,3.040418,-3.810728,18.41998,3.192545,-6.784183,18.54544,3.2896,-7.339065,17.83411,2.183889,5.457116,18.58974,-0.2211287,-0.5408065,18.00244,0.03991795,0.1971272,17.90537,4.115386,-0.8175173,17.13013,4.70738,0.220622,17.03721
stand,1.719789,1.719789,0.3815797,19.22513,1.729892,3.333243,19.24899,1.727208,6.158915,19.15061,1.7953,7.642666,19.1249,-0.1125361,5.062124,19.33272,-0.5483997,2.59599,19.34845,-0.6203002,0.6553263,18.81895,-0.4931146,0.1027209,18.6916,3.435335,4.868207,18.95662,3.871371,2.553094,18.94549,3.911796,0.6849533,18.31229,3.810238,0.177177,18.16,0.9596114,0.3736627,18.92395,0.6566536,-3.618768,19.11493,0.377745,-6.649948,19.5274,0.2365595,-7.207382,18.79688,2.415704,0.375234,18.80916,2.644193,-3.683917,18.86493,2.83983,-6.758626,19.19222,2.972525,-7.306913,18.47304,1.730073,5.469654,19.19611,-0.3702001,-0.7036874,18.58782,-1.003146,0.2451729,18.79039,3.676581,-0.5773258,18.02369,3.33045,0.2257873,18.215
stand,0.9923906,0.9923906,0.3070313,19.29943,1.317238,3.299046,19.17343,1.613834,6.158292,18.93333,1.411769,7.548871,18.92476,-0.1793039,5.172875,19.95847,-0.6276071,2.727805,20.41759,-0.8201382,0.8330113,20.09381,-0.8624672,0.1638275,19.95264,2.817863,4.719413,18.10768,3.316533,2.486637,17.65128,2.926562,0.5175263,17.09086,2.723699,-0.01586582,17.02278,0.3399694,0.3515261,19.23672,0.4069869,-3.693011,19.4432,0.3237067,-6.579794,19.63524,0.07347071,-7.120977,18.92755,1.606274,0.2502799,18.64203,2.24197,-3.997182,18.74244,2.81408,-6.785811,19.11808,2.876922,-7.367201,18.43342,1.540303,5.461089,19.01408,-0.8416272,-0.5599206,19.83241,-1.086235,0.009868955,19.90553,2.467645,-0.7189005,17.0272,2.389152,0.3391086,17.13371
stand,1.143378,1.143378,0.1482695,18.93658,1.671525,3.118738,19.16036,2.180535,5.943542,19.2832,2.397866,7.381143,19.49246,0.3266545,4.889508,19.93423,-0.5005491,2.475951,20.00885,-0.9065044,0.700628,19.42372,-0.9746884,0.2047706,19.20972,3.593285,4.415167,18.62798,3.856532,2.310034,18.19332,3.457411,0.2559947,17.38546,3.312942,-0.205762,17.26616,0.4649009,0.2154385,18.77773,0.07036681,-3.839769,18.83426,0.06372913,-6.787425,19.43562,-0.1311328,-7.382732,18.81535,1.77876,0.07478707,18.37661,2.260995,-4.203334,18.21161,2.75669,-6.799129,18.99142,2.935128,-7.38955,18.39037,2.060211,5.251665,19.27088,-0.9653056,-0.5522416,18.89724,-1.29871,0.2543184,19.1608,3.020334,-0.9289395,17.1237,2.936006,0.0982688,17.40011
stand,1.5944,1.5944,0.02891014,18.65391,1.860793,2.960814,19.16378,2.155936,5.747335,19.53841,2.242589,7.270194,19.72344,0.2970048,4.583827,19.84265,-0.3253212,2.206154,19.67255,-0.6611926,0.4637555,18.81075,-0.582698,-0.06127605,18.50406,3.756995,4.397802,18.99504,4.182305,2.212862,18.56007,4.06359,0.3763912,17.63697,3.957941,-0.09920149,17.51871,0.8877563,0.02818242,18.4501,0.2944235,-4.026894,18.38939,0.1959585,-6.832742,19.26729,-0.103148,-7.433078,18.78049,2.241115,0.02736732,18.14044,2.632706,-3.970721,17.79286,2.755478,-6.860909,18.95832,3.002335,-7.429071,18.36909,2.085546,5.071106,19.46118,-0.5796626,-0.7546359,18.10005,-0.9631813,-0.04464268,18.534,3.82097,-0.813073,17.30051,3.438311,0.01020857,17.42861
stand,2.160296,2.160296,-0.03737121,18.68077,2.058246,2.880001,19.19957,1.998416,5.666586,19.63276,1.960665,7.222563,19.82423,0.2161351,4.388167,19.73306,-0.1389441,1.977226,19.44825,-0.2499518,0.2206528,18.59666,-0.1205836,-0.3845566,18.31472,3.771549,4.456567,19.25503,4.48974,2.142628,18.83616,4.663377,0.2925363,17.98626,4.619247,-0.0860767,17.92477,1.427357,-0.09680647,18.41762,0.7166436,-4.448411,18.50191,0.2654518,-6.886679,19.22222,-0.06750029,-7.459227,18.68809,2.812338,0.02334045,18.23064,3.219146,-3.935655,17.86072,2.887568,-6.908655,18.96795,3.101265,-7.484512,18.36833,2.023932,4.988927,19.54153,0.0130672,-1.037184,17.95042,-0.498915,-0.4755923,18.35722,4.618907,-0.6906375,17.73178,4.12904,-0.1029063,17.65294
stand,2.440249,2.440249,-0.008637498,19.12344,2.132747,2.93207,19.36029,1.813851,5.761672,19.53213,1.517004,7.338145,19.62123,0.04074825,4.334858,19.58458,-0.1347552,2.013362,19.42024,-0.1713834,0.1811878,18.67483,0.004668965,-0.532667,18.45831,3.571924,4.754358,19.22608,4.571214,2.390246,19.03586,5.006559,0.5743551,18.41686,4.87158,0.1770166,18.38995,1.69901,-0.146312,18.8378,1.0949,-4.501254,19.11381,0.1988916,-6.938925,19.38349,0.2302119,-7.33283,18.451,3.090761,0.1297081,18.69712,3.447419,-3.80195,18.58798,3.061696,-6.882022,19.13911,3.202493,-7.417365,18.4087,1.901045,5.06579,19.51525,0.1948265,-1.190754,18.20733,-0.3862301,-0.5681036,18.55215,4.844043,-0.3142974,18.27003,4.410417,0.2392214,18.21
stand,2.119763,2.119763,0.1824976,19.60914,1.779444,3.142114,19.42907,1.399188,5.997537,19.14422,1.255221,7.51821,19.2163,-0.2665843,4.588532,19.42737,-0.3917354,2.206094,19.55947,-0.3072121,0.2761861,19.08755,-0.1925282,-0.3884774,19.01318,3.212209,4.908522,18.88824,4.19082,2.542727,18.95485,4.465587,0.6318854,18.5932,4.263841,0.232813,18.54889,1.361371,0.07522385,19.35671,1.06805,-3.971926,19.59933,0.3881305,-6.574931,19.5444,0.2637562,-7.118649,18.78443,2.799921,0.2847881,19.14756,3.161071,-3.681381,19.3211,3.135495,-6.823978,19.31331,3.176156,-7.296248,18.46481,1.497166,5.29858,19.24017,0.1222715,-1.104327,18.91708,-0.5097355,-0.5901802,18.98375,4.280894,-0.4608925,18.5379,3.885053,0.3270727,18.50286
stand,1.587311,1.587311,0.2640092,19.87122,1.497112,3.231035,19.45781,1.343186,6.083195,18.95045,1.341063,7.555172,18.91484,-0.4592688,4.914594,19.29839,-0.7903336,2.552497,19.63898,-0.701335,0.6354107,19.30916,-0.5555913,0.06412867,19.31881,3.007088,4.821551,18.65952,3.582883,2.475414,18.74174,3.617201,0.6052894,18.39059,3.390552,0.06439164,18.32564,0.8204546,0.2390897,19.62995,0.6655241,-3.708624,19.91274,0.3958434,-6.613011,19.67432,0.1919863,-7.107946,18.87346,2.294521,0.2806514,19.3968,2.530275,-3.709098,19.66736,3.062882,-6.795303,19.36843,3.032847,-7.284393,18.53008,1.388614,5.384548,19.10307,-0.4200461,-0.7428355,19.32181,-1.047601,0.06930092,19.24684,3.203916,-0.7343375,18.33237,3.020103,0.2714635,18.36687
stand,0.9655935,0.9655935,0.2260132,19.82905,1.207273,3.219428,19.42151,1.355244,6.082501,18.89223,1.553577,7.517024,18.78828,-0.4865558,5.106218,19.22742,-1.212268,2.708287,19.65538,-1.280472,0.7757818,19.37258,-1.223873,0.2295445,19.35315,2.87982,4.523806,18.65225,3.151157,2.192695,18.76123,3.052153,0.3340958,18.36977,2.831987,-0.2572041,18.33341,0.2131002,0.3225563,19.56001,0.2040785,-3.689821,19.97353,0.1573678,-6.695744,19.73951,-0.04969117,-7.115896,18.85912,1.680498,0.1196477,19.37956,2.115,-4.112281,19.56378,2.929126,-6.797099,19.31476,2.91708,-7.309251,18.50628,1.339187,5.386137,19.04475,-1.053417,-0.5743294,19.45106,-1.698901,0.2944553,19.27731,2.545486,-1.085183,18.25277,2.449345,-0.04631351,18.3053
stand,0.6102457,0.6102457,0.1523819,19.41348,1.023065,3.155347,19.32799,1.369184,6.028712,19.04845,1.653412,7.468175,19.05515,-0.5169792,5.121922,19.30577,-1.42131,2.726909,19.46916,-1.685573,0.8328347,18.99045,-1.648819,0.3354001,18.81651,2.84916,4.352275,18.81763,3.026927,2.076124,18.78529,2.805432,0.01993929,18.28502,2.682693,-0.4536009,18.18723,-0.1252903,0.2823488,19.09127,-0.2298304,-3.666025,19.39826,0.08292107,-6.807863,19.66125,-0.1360367,-7.233805,18.79452,1.3237,0.0166589,19.01564,1.923306,-4.335032,19.0152,2.764312,-6.801288,19.17953,2.897427,-7.31012,18.40109,1.294555,5.334211,19.13306,-1.595716,-0.4264782,18.76221,-2.113068,0.4340919,18.86191,2.404833,-1.27316,18.09082,2.295909,-0.5226761,17.92395
stand,0.6855309,0.6855309,0.1221639,18.93071,1.022194,3.124257,19.13263,1.357937,6.000525,19.12382,1.650403,7.467907,19.30137,-0.5482646,5.01192,19.25922,-1.385668,2.573497,18.98423,-1.622052,0.6518649,18.27755,-1.514692,0.1856422,18.09764,2.910084,4.334298,19.01832,3.098357,2.029247,18.98789,3.087401,0.1393004,18.42002,3.012302,-0.5041435,18.27194,-0.03867597,0.2223265,18.55906,-0.2953487,-3.754925,18.67781,0.1456543,-6.841672,19.43767,-0.1556038,-7.386507,18.7906,1.383851,0.0172162,18.58287,1.950553,-4.215525,18.43573,2.669185,-6.800351,19.07261,2.905958,-7.331282,18.38847,1.280015,5.309579,19.15281,-1.48011,-0.5720272,18.03008,-2.006303,0.4255389,18.21846,2.797104,-1.239017,18.08884,2.613857,-0.3104576,18.35429
stand,0.9934484,0.9934484,0.103774,18.49978,1.193594,3.075732,18.89996,1.39372,5.922629,19.16199,1.595531,7.463434,19.34422,-0.4792749,4.839445,19.11765,-1.118934,2.361499,18.63798,-1.272063,0.5083826,17.81426,-1.119301,0.04950815,17.6433,3.06312,4.369152,18.94186,3.471712,2.11694,18.81386,3.533898,0.3149506,18.16263,3.491824,-0.2961355,17.87546,0.2688949,0.1555654,18.13489,-0.09500828,-3.825216,18.24959,0.2001294,-6.881341,19.27713,-0.1352918,-7.437635,18.69806,1.680324,0.04824692,18.14537,2.139808,-4.107117,17.99725,2.665455,-6.817136,18.95276,2.922303,-7.386483,18.37464,1.343909,5.229981,19.12084,-1.038575,-0.7278094,17.5024,-1.59272,0.2909322,17.81063,3.272055,-1.047284,17.63155,3.076573,-0.09247079,17.96864
stand,1.798552,1.798552,0.07473715,18.38926,1.643128,3.051792,18.80085,1.514981,5.905591,19.10426,1.513821,7.457612,19.3079,-0.1751739,4.637013,18.9788,-0.4827757,2.176371,18.52481,-0.4862204,0.3124718,17.71187,-0.3029136,-0.245418,17.58963,3.401597,4.615384,18.90399,4.190091,2.25671,18.75039,4.39654,0.4237178,18.03439,4.380198,-0.01063232,17.88166,1.071159,0.02232217,18.06986,0.5698825,-4.329434,18.46512,0.2117077,-6.782093,19.19044,-0.02380045,-7.402273,18.68724,2.458981,0.1222339,17.99418,2.794987,-3.96461,17.86695,2.73998,-6.84311,18.95454,2.974523,-7.417356,18.36677,1.542861,5.206411,19.04941,-0.1681697,-0.9796973,17.36345,-0.7246807,-0.1696956,17.69167,4.299058,-0.7065724,17.69315,3.823842,-0.004631884,17.512
stand,2.389132,2.389132,0.06425429,18.79359,1.97918,3.064022,18.93335,1.602104,5.945713,18.99611,1.487068,7.463722,19.11527,0.0361906,4.53659,18.92025,-0.02830859,2.086182,18.68191,0.1230514,0.07873008,18.05768,0.3116933,-0.4248679,18.02655,3.603431,4.817979,18.84358,4.639191,2.471924,18.8056,5.005736,0.6038735,18.20779,4.941634,0.1880571,18.14665,1.641175,-0.06417708,18.51738,1.202456,-4.166273,19.05231,0.3390304,-6.616569,19.33493,0.1326468,-7.210572,18.71029,3.047508,0.1938747,18.35825,3.263706,-3.610799,18.52221,2.94397,-6.82987,19.07369,3.036782,-7.406388,18.39326,1.697552,5.237147,19.00151,0.5264025,-1.164136,17.89929,-0.09874516,-0.4147364,18.0299,5.024098,-0.4221016,18.01034,4.423294,0.1564625,17.92375
stand,2.109933,2.109933,0.2278908,19.41872,1.85009,3.194165,19.19493,1.57159,6.040373,18.8916,1.577818,7.541492,18.70425,0.03138801,4.753738,18.8681,-0.2338364,2.37254,18.99607,-0.1456326,0.375717,18.63954,-0.09830184,-0.1460891,18.68295,3.546255,4.896681,18.67286,4.310029,2.555567,18.76484,4.349424,0.7158331,18.23091,4.16499,0.1796523,18.1175,1.328847,0.1736743,19.12123,1.027878,-3.790905,19.53757,0.4225663,-6.540372,19.55706,0.2454622,-7.083373,18.8127,2.812645,0.2746555,19.00211,3.062613,-3.558808,19.25669,3.017888,-6.762859,19.24315,3.014409,-7.310584,18.48581,1.645788,5.343775,18.9841,0.1130197,-0.9375403,18.69514,-0.4013395,-0.1161261,18.45101,4.056507,-0.5290508,18.02169,3.783248,0.2982787,18.14515
stand,1.302733,1.302733,0.262095,19.56815,1.465707,3.228951,19.16895,1.579046,6.076813,18.65724,1.601679,7.546158,18.56591,-0.2439281,4.99521,18.87139,-0.8577389,2.581322,19.18098,-0.9352707,0.5779241,18.93515,-0.884037,0.06102242,18.99084,3.23987,4.661174,18.54913,3.639017,2.361375,18.66632,3.556004,0.4062026,18.21223,3.358572,-0.14487,18.07703,0.5369415,0.3168455,19.26811,0.400606,-3.536624,19.66947,0.2551327,-6.621355,19.65795,0.09284265,-7.142861,18.87817,2.018964,0.1976464,19.15056,2.315576,-4.026915,19.39513,2.925642,-6.759003,19.2697,2.96059,-7.288314,18.49016,1.560143,5.381068,18.80717,-0.7505221,-0.7830268,19.07158,-1.354113,-0.04513702,18.90177,3.126523,-0.9706095,18.00601,2.972335,0.1103044,18.13174
stand,0.7165444,0.7165444,0.1651714,19.10168,1.079361,3.152312,19.0687,1.390599,6.009879,18.86445,1.53872,7.485206,18.87961,-0.4840973,5.068662,19.03041,-1.314059,2.630539,19.05986,-1.592178,0.7515944,18.57222,-1.540372,0.2394722,18.44191,2.978318,4.465742,18.69652,3.208138,2.175583,18.65131,3.012026,0.205064,18.05697,2.859004,-0.3341625,17.88046,-0.02309683,0.2827255,18.76894,-0.1065221,-3.637961,19.18777,0.1693382,-6.745873,19.57776,-0.05397169,-7.274671,18.84077,1.429319,0.041282,18.71544,1.981782,-4.33812,18.84343,2.765224,-6.804719,19.127,2.906745,-7.341704,18.39483,1.322032,5.314688,18.93302,-1.470735,-0.590264,18.48538,-2.038977,0.38958,18.49584,2.578632,-1.109874,17.73599,2.477309,-0.3166655,17.66648
stand,0.7317636,0.7317636,0.1374799,18.69155,1.042928,3.114995,18.88752,1.336489,5.960164,18.92483,1.384226,7.45868,19.00263,-0.6046378,4.979662,19.01163,-1.318898,2.49875,18.79059,-1.531571,0.5887917,18.1085,-1.427094,0.1088619,17.96203,2.93051,4.449951,18.70223,3.239965,2.133739,18.63228,3.235996,0.2660664,18.02503,3.177382,-0.3434991,17.8826,0.001691158,0.2191133,18.36248,-0.2184743,-3.734983,18.45285,0.1825154,-6.852427,19.35249,-0.1198454,-7.421308,18.76386,1.433827,0.0509218,18.30136,2.010442,-4.194416,18.25254,2.66257,-6.78559,18.98088,2.932765,-7.340788,18.37992,1.266556,5.268213,18.93762,-1.347916,-0.7046087,17.92192,-1.914111,0.4427158,18.06929,2.956408,-1.105925,17.71758,2.769176,-0.4043328,17.67069
stand,1.188496,1.188496,0.03149842,18.4348,1.319512,2.947808,18.82557,1.448406,5.729733,19.0934,1.45115,7.236143,19.12768,-0.4157223,4.69911,19.11423,-0.9881108,2.212188,18.78933,-1.029686,0.1678872,17.87298,-0.8938706,-0.2859343,17.72566,3.206042,4.377824,18.82166,3.698596,2.052171,18.62841,3.713981,0.2818833,17.89008,3.649168,-0.3227561,17.72566,0.4583194,0.05792015,18.09826,-0.04326135,-3.823167,18.03584,0.142442,-6.865551,19.16608,-0.1285993,-7.485581,18.73775,1.872592,0.00364189,18.05342,2.357613,-4.050756,17.7549,2.723903,-6.877964,18.90976,2.987962,-7.449621,18.35244,1.417974,5.052523,19.04632,-0.7574643,-1.14878,17.52488,-1.255638,-0.3550102,17.70077,3.46035,-1.044832,17.4983,3.125055,-0.4622057,17.661
stand,1.591362,1.591362,-0.1365657,20.08194,1.521608,2.920641,19.37583,1.430562,5.830564,18.56257,1.359438,7.015474,17.9568,-0.3807915,4.732831,18.94197,-0.6891949,2.374527,19.45538,-0.6253677,0.3983927,19.2059,-0.51493,-0.1300912,19.26824,3.145233,4.558629,18.66813,3.644837,2.268113,19.0503,3.616269,0.3252617,18.7752,3.443448,-0.1952024,18.70136,0.7581168,-0.1456871,19.75461,0.4283772,-3.500962,19.9627,0.1939255,-6.630251,19.913,0.07054643,-7.149321,19.11632,2.36753,-0.1226724,19.69258,2.477029,-3.684126,19.85362,3.01618,-6.78463,19.64953,3.051081,-7.336504,18.901,1.455642,5.121737,18.79177,-0.3564033,-0.9605671,19.21585,-0.08075554,-0.01438757,19.13194,3.306004,-1.074759,18.70595,3.893434,0.1741006,18.36867
stand,1.343979,1.343979,-0.1205162,19.94391,1.388744,2.893389,19.31816,1.383324,5.790297,18.52086,1.363484,7.094391,18.074,-0.4417341,4.813405,18.99429,-0.8332376,2.428447,19.48465,-0.8179758,0.4377658,19.19975,-0.7380254,-0.05857859,19.12328,3.065314,4.518673,18.59608,3.469027,2.247253,18.89669,3.331996,0.2910631,18.59251,3.116203,-0.3117394,18.44663,0.5213706,-0.09161502,19.63574,0.3087068,-3.454587,19.93299,0.1500948,-6.596841,19.92851,0.06751993,-7.131329,19.14347,2.117228,-0.1450077,19.53306,2.369291,-3.775636,19.75738,3.004636,-6.788516,19.66587,3.03561,-7.345383,18.92441,1.388844,5.077062,18.74047,-0.5814041,-0.8472865,19.13415,-0.251392,-0.0277096,18.91875,2.967486,-1.164504,18.43734,3.54232,-0.1136469,18.17111
stand,0.8460401,0.8460401,-0.1259718,19.26592,1.200248,2.954879,19.11719,1.529309,5.904408,18.79681,1.885555,7.410412,18.88443,-0.3129112,5.074984,19.21453,-1.083958,2.62908,19.1497,-1.310313,0.7543249,18.54952,-1.110466,0.2533205,18.39964,3.129826,4.360431,18.75604,3.169126,2.134959,18.6438,2.925923,0.2618684,18.04316,2.713713,-0.3087157,17.86028,0.06508567,0.03158432,18.9272,-0.09350672,-3.449378,19.33466,0.07703638,-6.616379,19.80987,-0.07420103,-7.188495,19.10672,1.595395,-0.278833,18.88532,2.178585,-4.238918,19.20408,2.989186,-6.807392,19.54187,3.114015,-7.329039,18.77636,1.446815,5.182133,18.90075,-0.91623,-0.5790819,18.41862,-0.5630965,0.3804989,18.11207,2.457322,-1.121215,17.649,3.151194,-0.1449232,17.62062
stand,1.634272,1.634272,0.0498523,19.08392,1.667638,3.165877,19.19918,1.708627,6.154009,19.1966,1.853775,7.696352,19.34448,-0.0528634,5.041717,19.10679,-0.2341156,2.679783,18.27251,1.174827,1.481061,17.18377,1.205335,1.173699,17.11868,3.397721,4.781203,18.92822,3.488921,2.640879,18.05749,2.282575,1.425153,17.00803,1.887494,1.322663,16.93644,0.854562,0.08253489,18.73021,0.4725541,-3.553037,19.22085,0.130786,-6.617297,19.74784,-0.009172363,-7.193946,19.04909,2.35309,0.01564793,18.72089,2.641141,-3.763417,18.99432,2.946472,-6.805378,19.52074,3.107668,-7.354779,18.81648,1.698788,5.423913,19.21697,1.519387,0.654525,16.89457,1.455041,1.476455,16.774,1.499255,1.042427,16.8073,2.040732,0.9106206,17.01664
stand,2.132638,2.132638,-0.1178492,19.0573,1.988299,3.006516,19.32726,1.85738,6.002379,19.47324,1.8485,7.542548,19.65488,0.1473665,4.784475,19.30139,0.2501246,2.506021,18.44187,2.098409,1.154991,17.1634,2.366303,0.9292734,17.11956,3.570118,4.769402,19.13375,3.742474,2.635154,18.09328,2.710381,1.292037,17.01045,2.428958,1.075517,17.08111,1.35737,-0.1672937,18.703,0.9477774,-3.870523,19.2235,0.1156807,-6.635021,19.70394,0.04447134,-7.236908,19.03651,2.829074,-0.06549564,18.69727,3.100727,-3.691098,18.97249,3.042921,-6.721777,19.53529,3.093055,-7.313776,18.86156,1.891561,5.270333,19.45914,2.715411,0.7996463,17.08876,2.47149,1.304879,16.7827,2.041302,0.7951468,17.09423,2.767542,0.8373657,16.974
stand,1.986953,1.986953,0.008938106,19.87212,1.928939,3.093935,19.48213,1.806613,6.037836,18.97152,1.769077,7.499195,18.81037,0.05618546,4.899711,19.18188,-0.2523556,2.50414,19.17754,0.1395927,0.6223741,18.7353,0.4684858,0.2050077,18.79749,3.535048,4.84162,18.77537,3.905183,2.603857,18.51808,3.592621,0.5678756,18.1041,3.465518,0.04164566,18.06972,1.166376,-0.0008143519,19.5986,0.8523712,-3.595123,19.83345,0.1818358,-6.576898,19.8537,0.106753,-7.125793,19.08863,2.734962,0.0190497,19.43039,2.949573,-3.618369,19.69379,3.089345,-6.707057,19.65652,3.094484,-7.26664,18.91319,1.840936,5.321231,19.14435,0.7022972,-0.491089,18.63354,-0.1443063,0.2116993,18.65423,3.255875,-0.6383891,18.03028,3.140937,0.3030123,18.22222
stand,1.60636,1.60636,-0.03256149,20.21071,1.615363,3.032226,19.5928,1.608305,5.991529,18.88844,1.515623,7.329074,18.53681,-0.3047195,4.880826,19.22442,-0.7029438,2.432419,19.67586,-0.5981573,0.4707744,19.49519,-0.4751103,-0.04316238,19.46214,3.16702,4.676639,18.65653,3.714325,2.309843,18.92583,3.595953,0.3568112,18.8573,3.423296,-0.118538,18.82749,0.7853544,-0.01208121,19.94977,0.4940337,-3.498801,20.03142,0.2051425,-6.612871,19.94425,0.07001898,-7.122726,19.13766,2.370215,-0.05215378,19.75455,2.45994,-3.713712,19.94034,3.073398,-6.741518,19.69033,3.056771,-7.298674,18.94134,1.607637,5.268082,19.08156,-0.269255,-0.8696827,19.4812,-0.9876115,0.1233288,19.4992,3.306055,-0.9489816,18.86512,3.068948,0.1144951,18.87186
stand,1.029554,1.029554,-0.1109296,20.04065,1.340541,2.989826,19.56297,1.557897,5.966958,18.94812,1.567736,7.33175,18.64211,-0.3902795,5.009477,19.34795,-1.105362,2.539904,19.80114,-1.185934,0.5959096,19.56056,-1.130398,0.09140354,19.50936,3.079412,4.455781,18.72802,3.638676,2.177704,18.79363,3.525842,0.2364652,18.52972,3.400286,-0.4190591,18.37569,0.2293351,-0.0007786768,19.78123,0.1383095,-3.470808,19.97309,0.0881663,-6.622576,19.93195,-0.01432087,-7.153986,19.14736,1.790446,-0.2188884,19.58081,2.315095,-4.048066,19.69807,3.04389,-6.79233,19.62798,3.064443,-7.346049,18.88023,1.498488,5.239161,19.1163,-0.9750652,-0.77188,19.47774,-1.598461,-0.04159465,19.458,3.220181,-1.251513,18.34774,3.028936,-0.09634255,18.57231
stand,0.7692426,0.7692426,-0.2102138,19.83079,1.144739,2.862898,19.5265,1.51266,5.850331,19.08887,1.605294,7.253979,18.8655,-0.425222,5.00937,19.48935,-1.286793,2.569014,19.80872,-1.441883,0.6302203,19.43058,-1.234493,0.1268606,19.30483,3.012595,4.329509,18.91266,3.341317,2.041089,19.04288,3.057629,0.1346836,18.63191,2.908832,-0.3374271,18.50208,-0.02253847,-0.06663045,19.55581,-0.1459425,-3.522193,19.82176,-0.004305197,-6.684372,19.89964,-0.1314935,-7.20094,19.1029,1.534929,-0.3437832,19.38638,2.088715,-4.256309,19.53901,3.005121,-6.81451,19.61363,3.074143,-7.313923,18.79991,1.430652,5.121901,19.21428,-1.048693,-0.6981732,19.22463,-1.667648,0.09585099,19.27125,2.654623,-1.111998,18.36846,2.42525,-0.489369,18.42555
stand,2.113143,2.113143,-0.1676839,19.43753,2.294528,3.029558,19.53454,2.452193,6.070785,19.49399,2.726275,7.626397,19.60172,0.5840221,5.039409,19.79205,0.2260076,2.580142,19.17984,0.6885113,0.945268,18.12147,1.096422,0.5428869,18.05752,4.13724,4.774615,19.0875,3.928342,3.14631,17.83692,2.530331,5.01369,17.74075,2.281713,5.414099,18.06285,1.308461,-0.1507701,19.25857,0.7753816,-3.810687,19.48086,0.131382,-6.693482,19.822,0.0063721,-7.222442,19.04219,2.846894,-0.1867125,18.89346,2.97204,-3.692986,19.03995,3.007622,-6.741786,19.57214,3.07513,-7.324051,18.8845,2.420732,5.330346,19.52502,1.323196,0.01949715,17.75624,0.7447964,-0.08813941,18.4296,2.000667,5.689682,18.25842,2.695498,5.715226,18.25385
stand,2.001356,2.001356,0.05369227,19.6969,2.180556,3.077641,19.58718,2.333305,5.979947,19.36044,2.40468,7.439039,19.13451,0.364896,5.081613,19.57345,-0.06340861,2.783969,19.26661,0.5693172,1.183849,18.2452,0.9505646,0.8026215,18.2206,3.932739,4.665699,18.86858,4.445416,2.379941,18.42398,2.649944,2.52904,17.4368,2.158568,2.564134,17.30198,1.214126,0.07454602,19.51448,0.7643896,-3.663184,19.59939,0.1609413,-6.648446,19.79561,0.01897958,-7.19576,19.04498,2.714283,0.03172111,19.16745,2.958155,-3.557162,19.20989,3.052779,-6.734429,19.59066,3.117874,-7.30484,18.87746,2.298856,5.270412,19.43743,1.202708,0.4118924,17.89262,0.701721,0.217198,18.59243,1.51761,2.742811,17.09104,2.260991,2.748356,17.00018
stand,1.840199,1.840199,-0.1110721,18.8949,1.803429,3.002032,19.05205,1.766636,5.983662,19.0596,1.821807,7.470943,18.9378,-0.03186089,4.82256,19.1726,-0.4581639,2.344403,19.10852,-0.5472041,0.4627137,18.49384,-0.4551874,0.00926432,18.35314,3.606496,4.728775,18.93819,4.159278,2.41503,19.00209,4.256639,0.5490701,18.30986,4.170843,-0.0351521,18.09511,1.035954,-0.1184494,18.59103,0.5668217,-3.849157,19.01517,0.08807842,-6.699118,19.64941,-0.0892839,-7.291519,19.00147,2.575128,-0.09875992,18.48416,2.843591,-3.778785,18.61452,2.936428,-6.804483,19.46312,3.148659,-7.357401,18.79686,1.777763,5.256113,19.07968,-0.3046489,-0.7025636,18.12243,-0.7374614,-0.1600782,18.20324,4.094914,-0.7786312,17.90404,4.400862,-0.191796,17.56833
stand,1.929339,1.929339,-0.1295705,18.91264,1.842505,2.986077,19.03392,1.760901,5.969415,19.03293,1.792472,7.460572,18.89471,-0.0332579,4.808196,19.13876,-0.4024688,2.342346,19.07687,-0.4638609,0.4648317,18.44293,-0.3078082,-0.03739188,18.25791,3.589444,4.734601,18.88775,4.182655,2.426012,18.93459,4.30262,0.5568335,18.17889,4.224758,0.00326553,17.97406,1.126979,-0.1564244,18.6092,0.7175983,-3.894646,19.164,0.09713055,-6.674666,19.6786,-0.04193629,-7.261868,19.0002,2.659663,-0.09888172,18.50082,2.928954,-3.692687,18.62502,2.953421,-6.790186,19.45855,3.143251,-7.356355,18.802,1.782359,5.241835,19.05341,-0.1008174,-0.7783797,18.02622,-0.6948289,-0.009167159,18.29688,4.217604,-0.6724311,17.79286,4.709422,0.2834743,17.90083
stand,2.368647,2.368647,-0.2467363,19.10219,2.085249,2.880745,19.16053,1.811342,5.884848,19.09931,1.684834,7.357682,19.02638,0.1043931,4.58521,19.32373,-0.09690349,2.258957,19.36565,0.1673713,0.5324482,18.27608,0.4484979,0.1861709,17.91511,3.687127,4.767955,18.92669,4.588678,2.460055,18.91013,4.772633,0.6825871,18.03129,4.558569,0.1754254,17.84524,1.57047,-0.36242,18.82877,1.014734,-4.214859,19.35147,0.140263,-6.648839,19.68962,0.04567729,-7.228592,18.98152,3.07889,-0.1234214,18.66237,3.27967,-3.579811,18.72147,3.075115,-6.780553,19.4616,3.172634,-7.379484,18.82113,1.878387,5.150617,19.13451,0.6850093,-0.278255,17.57516,0.4928669,0.1477264,17.3425,4.616253,-0.335698,17.61448,4.922555,0.3311125,17.26286
stand,1.362408,1.362408,-0.03401389,19.62993,1.535476,3.03169,19.55029,1.665043,5.969425,19.34754,1.632029,7.424191,19.19896,-0.2001532,4.890102,19.64936,-0.9966807,2.893806,19.7546,0.2444906,3.088909,17.8665,0.3005483,3.066841,17.86121,3.397202,4.797508,19.26418,3.871303,2.659461,19.03695,2.937975,3.125436,17.30187,2.76042,3.098228,17.31114,0.5576945,0.01560906,19.32546,0.2141624,-3.48043,19.29636,0.1338362,-6.69558,19.72859,-0.05816624,-7.249761,19.0036,2.116364,-0.08277991,19.21705,2.531425,-3.901722,18.87284,2.9621,-6.828709,19.48211,3.163326,-7.389588,18.81451,1.639913,5.252656,19.41956,0.7506751,3.225257,17.5195,0.6111413,3.638511,18.31375,2.398112,3.354848,17.06115,2.765534,2.830885,17.02555
stand,1.087464,1.087464,-0.05119383,19.75738,1.341791,3.007715,19.64673,1.61456,5.94629,19.40664,1.605116,7.38617,19.34647,-0.1802264,4.761237,19.42301,-0.3229216,2.707814,18.64972,0.4346448,1.400257,17.31863,0.638249,1.434905,17.025,3.264947,4.706988,19.10882,3.050637,2.685848,18.19938,1.574836,1.685672,17.2844,0.9978169,1.523472,17.00915,0.3071506,0.04499279,19.45629,0.01876814,-3.623678,19.66493,0.05571205,-6.667207,19.85237,-0.1187621,-7.207479,19.09371,1.830487,-0.1450432,19.3393,2.315134,-4.044016,19.03599,2.988559,-6.839447,19.46559,3.137026,-7.411778,18.78476,1.546264,5.228467,19.4893,1.012491,1.324206,16.82707,0.4688916,1.05575,17.14714,0.3254706,1.279964,16.9233,0.7612994,1.769189,16.68095
stand,2.094751,2.094751,-0.1420789,19.2889,1.937992,2.953356,19.41564,1.7901,5.927786,19.41403,1.643005,7.406311,19.30399,0.03483245,4.727329,19.72141,-0.3674264,2.608241,19.82635,-1.057817,1.578552,18.2319,-1.266225,1.462722,17.46521,3.600986,4.837022,19.2225,4.117689,2.507294,19.32442,4.821072,1.980467,17.39489,5.033723,1.927851,16.62366,1.292321,-0.1916377,19.02911,0.757135,-3.978646,19.18727,0.1008913,-6.706476,19.67862,-0.08070266,-7.301738,19.0253,2.820552,-0.08832036,18.8343,3.14868,-3.637315,18.80247,3.069939,-6.793139,19.48321,3.178249,-7.384544,18.81801,1.826234,5.200904,19.43869,-1.394459,1.302366,16.83757,-1.117871,1.094729,17.41441,5.202709,1.838709,15.92715,5.141665,2.383566,16.3772
stand,1.139747,1.139747,-0.03186775,19.77164,1.392752,3.020303,19.61201,1.613725,5.954971,19.34194,1.657381,7.415891,19.15301,-0.2087579,4.846575,19.4074,-0.7360765,2.840239,18.60923,0.3938386,2.015909,16.95888,0.3584882,1.85335,16.95566,3.160523,4.676164,18.97041,2.930092,2.565896,17.99476,0.8353064,1.988648,16.96848,0.4613973,1.894017,16.95244,0.3492319,0.04060072,19.48277,0.06275409,-3.524944,19.54097,0.1127277,-6.691901,19.79068,-0.1183274,-7.227241,19.05181,1.888099,-0.103299,19.34197,2.386239,-3.913356,19.00654,2.968185,-6.813569,19.51042,3.156376,-7.367654,18.81686,1.563892,5.23614,19.42821,0.8337117,1.655235,16.77055,0.1056008,1.474795,17.02368,-0.08513997,1.645912,17.00074,0.1975493,2.273382,16.82118
stand,2.073303,2.073303,-0.1684274,19.58105,1.905376,2.9099,19.56269,1.746682,5.872873,19.41223,1.699215,7.318427,19.23111,-0.1330604,4.712164,19.5645,-1.630874,3.279253,19.27127,-1.318125,1.423182,18.14351,-1.088784,0.7631949,18.01044,3.553241,4.782619,19.25465,5.181036,3.406328,18.56281,4.650763,1.726045,17.51747,4.353714,1.094709,17.46765,1.245037,-0.2192098,19.26388,0.6306735,-3.797458,18.93708,0.09194814,-6.82038,19.60372,-0.1299414,-7.394186,18.93397,2.826662,-0.1119814,19.18247,3.059485,-3.652542,18.92748,3.024656,-6.81593,19.49802,3.185303,-7.382679,18.81113,1.786029,5.147914,19.47254,-0.8179421,0.1223608,18.08622,-0.7469957,1.111467,17.98304,4.03582,0.4045458,17.53664,4.669428,0.9749076,17.01875
stand,1.052287,1.052287,-0.2559232,19.76899,1.364666,2.818296,19.58083,1.640956,5.77806,19.27331,1.711609,7.175705,19.03756,-0.1425396,4.698851,19.38999,-0.5376666,2.617119,18.81584,0.5171298,1.737042,17.17293,0.4913079,1.65638,17.08603,3.223219,4.472782,18.96899,2.899597,2.373905,18.28346,1.353648,1.618029,17.2557,0.7489294,1.712604,17.03244,0.2427439,-0.154687,19.49723,-0.1037389,-3.548408,19.2962,0.05507845,-6.764207,19.69412,-0.2296729,-7.322573,19.03692,1.822376,-0.3474237,19.3217,2.32274,-4.006105,18.85664,2.985726,-6.858313,19.42788,3.178204,-7.435809,18.78547,1.577809,5.054324,19.3711,0.7832369,1.528313,16.92568,0.644031,2.027508,16.78524,0.2814039,1.711705,16.97151,0.7414681,1.988376,16.76236
stand,1.815464,1.815464,-0.3964421,19.59472,1.737231,2.717235,19.50517,1.668519,5.741806,19.27536,1.706738,7.096944,18.99529,-0.1221503,4.597917,19.5069,-0.5833091,2.282259,19.15944,-1.55187,1.821877,17.44886,-1.760741,1.687211,16.84105,3.427763,4.452228,19.1938,3.884857,1.913621,18.81733,4.443056,2.058826,16.61908,4.53356,2.091143,16.15535,0.963202,-0.3911169,19.30254,0.4445651,-3.66354,18.65725,0.09959568,-6.823246,19.49815,-0.1876338,-7.41607,18.93049,2.602149,-0.3871686,19.17044,3.043905,-3.828656,18.62333,3.050457,-6.885949,19.3749,3.200629,-7.500143,18.79179,1.684701,5.000541,19.35664,-1.862637,1.542441,16.15949,-1.806131,2.025114,16.665,4.55408,2.333301,15.62119,4.603664,2.679076,16.172
stand,1.325244,1.325244,-0.3284811,19.87342,1.500074,2.72054,19.58006,1.642892,5.659198,19.18269,1.732442,7.009157,18.82817,-0.07701749,4.599958,19.24314,-0.8101584,2.607022,18.48982,0.03903906,1.101104,17.48532,0.6250805,0.6705123,17.43749,3.267987,4.432816,18.94679,3.538122,2.643628,17.98594,1.984657,1.843894,16.70247,1.562134,1.853949,16.45023,0.5111216,-0.256221,19.55668,-0.05587552,-3.543426,19.04882,0.04283076,-6.793966,19.56961,-0.248088,-7.385142,18.99997,2.090588,-0.3876815,19.47291,2.524652,-3.922282,18.68989,2.958616,-6.842663,19.39731,3.150694,-7.438066,18.79462,1.609978,4.944715,19.30379,1.083608,0.1847287,17.38776,0.9811708,0.8981777,17.66417,0.9057593,1.842556,16.30011,1.150481,2.258057,16.41333
stand,1.791618,1.791618,-0.3071263,19.83232,1.756062,2.797799,19.57778,1.668314,5.783775,19.21191,1.698626,7.015937,18.84897,-0.1664562,4.623841,19.34088,-1.103168,2.683414,18.98063,-0.3061368,1.007337,18.01293,0.1337063,0.4889681,17.79915,3.442863,4.519706,19.03274,4.257057,2.76161,18.30828,2.991303,1.6454,17.17107,2.273048,1.348917,16.8072,0.9476734,-0.3122338,19.54118,0.3036903,-3.556169,18.93752,0.1128104,-6.82526,19.4645,-0.1765406,-7.422452,18.91045,2.566897,-0.2915564,19.40721,2.989286,-3.715773,18.79292,3.093349,-6.857467,19.36705,3.215579,-7.481394,18.78804,1.692165,5.051904,19.32442,0.5024194,-0.1346919,17.70673,0.5505334,0.8250994,18.396,1.612514,0.9666741,16.46451,2.03075,1.41354,16.37333
stand,1.936032,1.936032,-0.6106261,19.75212,1.712346,2.461768,19.59421,1.539212,5.42852,19.2736,1.608365,6.84558,18.93729,-0.2375676,4.376082,19.608,-0.9955224,2.188186,19.86783,-2.422528,1.486969,18.6615,-2.936126,1.533549,18.57324,3.302085,4.172125,19.3238,3.444986,1.662129,20.02695,4.814792,1.400971,18.19412,5.390757,1.419675,17.75142,1.080554,-0.6408939,19.42184,0.5907255,-3.861831,18.45316,0.1029499,-6.891528,19.41967,-0.2592039,-7.4703,18.91939,2.723134,-0.5601692,19.365,3.31565,-3.836942,18.5436,3.121337,-6.907604,19.31863,3.240231,-7.535471,18.74864,1.569032,4.703806,19.37964,-3.582253,1.385849,18.10556,-2.969975,1.097645,18.48543,5.80892,1.47462,17.04786,5.431842,1.914622,17.57893
stand,1.557776,1.557776,-0.7885295,19.94028,1.637539,2.2955,19.63919,1.713731,5.247045,19.20399,1.7631,6.62027,18.83078,0.001918559,4.12476,19.44206,-1.063918,2.275382,19.1507,-0.3144464,0.7179395,17.85882,0.013752,0.2445347,17.57933,3.416581,4.048601,19.0938,4.563558,2.062474,18.5816,3.946852,1.081455,16.92362,3.417547,0.8417172,16.22924,0.7016336,-0.7405269,19.67439,-0.1689169,-3.893139,18.79694,-0.09438729,-6.90343,19.57059,-0.3917581,-7.46117,18.92389,2.363033,-0.8111393,19.49134,2.619065,-4.017979,18.37755,2.981613,-6.929602,19.28237,3.155094,-7.545758,18.71933,1.695328,4.527406,19.33703,0.4398864,-0.2756265,17.2771,0.2304229,-0.4821199,18.0775,2.935942,0.7231045,15.70615,3.401377,1.136206,15.84868
